message,id,created_time
Good evening.^SO,188101587899662_1385076151535527,2017-03-01T18:38:59+0000
"Good morning, the following areas are on shutdown ^CW.",188101587899662_1384494134927062,2017-03-01T06:24:57+0000
"FEEDER UPDATES:
Brookside ex Ruiru off  affecting Ruiru, Parts of KU, Brookside, Kihunguro, Gatongora, Mwihoko and Environs.
Teams to attend ^JM

Airport ex Nairobi south is off (Broken Jumper)>part New & old Donholm,est,Greenfields, part of Tena est,innercore &adj. 
Work in progress^JM

Utalii ex Ruaraka line-(sustained fault) affecting Pangani estate and immediate  environs. Restoration underway^JM",188101587899662_1382498365126639,2017-02-27T03:23:37+0000
"Morning. The following areas are on shutdown today.^MM

NAIROBI WEST REGION 
NAIROBI COUNTY AREA: WAITHAKA, RIRUTA, KANYARIRI, MOUNTAIN VIEW 
DATE: Sunday 26.02.2017 TIME: 9.00 A.M. ? 5.00 P.M. 
ILRI, Gathondeki, Ndwaru Rd, Part of Naivasha Rd, Naivas, Kikuyu Rd, Swamp, Ngina Rd, Muthama, Nembu Girls, Waithaka kwa DO, Waithaka S/ Centre, Dagoretti High Sch, Mukarara, Gachui, Ruthimitu, Dagoretti Feed the Children, Muhuri Rd, Kiuru, Kangondo, Uthiru 87, UoN Kikuyu Campus, Part of Naivasha Rd, Kawangware, Muslim Rd, Kawangware Mkt, Kawangware 46 & 56, Equity, K-Rep Bank, Co-op Bank, Shell Petrol Stn, Melchizedek Hosp, Part of Riara Rd, Riara Close, Naivasha Rd Flats, Salim Rd, Tuskys Uthiru, Uthiru S/Centre, Kabete Vet Houses, Pork Centre, Mugi Rd, Mukiri Rd, Uthiru Chief?s Camp, Part of Kinoo, Shell Petrol Stn, Uthiru Girls High Sch, Petro Petrol Stn, Part of Waiyaki Way, CCK, Nairobi Water, Mt. View Est, Total Petrol Stn, Kangemi S/Centre, Kangemi High Sch, Coffee Board, Shell Petrol Stn & adjacent customers

NAIROBI SOUTH REGION
NAIROBI COUNTY
AREA: PART OF KIANG?OMBE, PART OF MOMBASA ROAD
DATE: Sunday 26.02.2017 TIME: 9.00 A.M. ? 5.00 P.M.
Nyoro Construction, Cool IT Storage, Capital Construction, Excel Chemicals, Kenbelt, Deepak, Rajmani Holdings, KENGEN, Auto Execute, Polytanks, Saj Ceramics, Part of Mombasa Rd, Whole of Alfa Centre, Tuskys, Associated Steel, Tuff Steel, City Cabanas, Metro Cash & Carry, Budget Hire, Dul Dul Go Downs & adjacent customers. 
CENTRAL RIFT REGION 
NAKURU COUNTY 
AREA: WHOLE OF KAPTEMBWA, AKIYDA BAKERY 
DATE: Sunday 26.02.2017 TIME: 8.00 A.M. ? 5.00 P.M. 
Whole of Kaptembwa Est, Rivanas S/Mkt Kaptembwa, Nyamakoroto, Akiyda Bakery, Timbercraft, Nakuru West, Gilanis Est, Muslim Pri, Koinange Est & adjacent customers. 
AREA: PART OF NAKURU INDUSTRIAL AREA 
DATE: Sunday 26.02.2017 TIME: 8.00 A.M. - 5.00 P.M. 
Kenya Forest Nakuru, Royal Group, Comply Industry Nakuru, Nakuru Plastic, Mombasa Maize Millers, Mega Spin, Brookside, United Millers, NCPB, Mutsi Motors, Milling Co-operation, Kenya Seeds, Gilanis Stores, Zakayo?s Timber Mills, Bidco Oil Refinaries, Tai Feeds, GDC Industrial Area & adjacent customers",188101587899662_1381623931880749,2017-02-26T06:10:43+0000
"Good morning, please find areas listed for scheduled maintenance^MW

NAIROBI NORTH REGION
NAIROBI COUNTY
AREA: KASARANI 
DATE: Friday 24.02.2017 TIME: 9.00 A.M. ? 5.00 P.M. 
Kasarani S/Centre, Seasons Hotel, Equity Bank, Clay Works Kasarani, Mt. Laverna School, Kasarani Mwiki, Cieko & adjacent customers.

NAIROBI WEST REGION
NAIROBI COUNTY

AREA: FAIR ACRES, NAIROBI ACADEMY 
DATE: Friday 24.02.2017 TIME: 9.00 A.M. ? 5.00 P.M. 
St. Hellen Rd, Nairobi Academy, Kuwinda, Mukoyet, Murishu Rd, Mukinduri Rd, Marist, Fair Acres, Silanga Rd, Sam Mburu, Hill Crest School, Donbosco & adjacent customers.

AREA: PART OF WAIYAKI WAY 
DATE: Friday 24.02.2017 TIME: 9.00 A.M. ? 5.00 P.M. 
Safaricom HQtrs, Mahiga Mairu, Muthangari Drive, Toyota Kenya, Shell P/ Stn & adjacent customers.

SOUTH NYANZA REGION
HOMABAY COUNTY
AREA: MFANGANO, SENA 
DATE: Friday 24.02.2017 TIME: 7.00 A.M. ? 5.00 P.M. 
Mfangano, Sena Mkt, Miriira Mkt, Kitawi Mkt, Beach & Sch, Kasarani Mkt, Mauta Mkt, Ugina Mkt, Ouzi Sec Sch, Wasamo Sch, Nyahera Pri Sch, Soklo, Kerega Mutahi Sec, Bible Christian Centre, Mirongo Beach, Ramba Mkt, BTL Mfangano, Mfangano Power Stn & adjacent customers.

MIGORI COUNTY

AREA: KITERE, RAKWARO, NYAMARAMBE 
DATE: Friday 24.02.2017 TIME: 8.00 A.M. ? 5.00 P.M. 
Kitere Mkt, Nyamarambe, Rakwaro Nduru High Sch, Rongo Univ, Kanga High Sch, Kanga Mkt, Nduru Market & adjacent customers.

MT. KENYA REGION
NYERI COUNTY

AREA: TETU, KAMAKWA, KINUNGA, KANOGA 
DATE: Friday 24.02.2017 TIME: 8.00 A.M. ? 4.00 P.M. 
Kamuyu, Tetu Boys Sch, Tetu Girls Sch, Kamakwa, Nyewasco Kamakwa, Kagunduini, Kinunga, Chania, Kanoga, Nyawira Est & adjacent customers.

NORTH EASTERN REGION
KIAMBU COUNTY

AREA: MAI MAHIU, MATHORE, KINALE, CARBACID 
DATE: Friday 24.02.2017 TIME: 9.00 A.M. ? 5.00 P.M. 
Ewaso Kedong?, Najire Girls, Karima Girls Sch, Earth Station, Ngema Pumping Stn, Mai Mahiu SGR Substation, Mai Mahiu, Part of Mai MahiuKijabe, Kijabe Hospital, Kirenga, Escarpment, Mbauni, Ewasnarok Rd, Longonot, IDP Camp, Msafiri , Whole of Mathore, Rukuma Centre, Kirenga, Kimende Town, Whole of Kinale, Gitithia, Kambaa, Carbacid, Kijabe Maingi, Kingatwa, Soko Mjinga, Whole of Kamae & adjacent customers.

COAST REGION
KILIFI COUNTY
AREA: PART OF KILIFI 
DATE: Friday 24.02.2017 TIME: 9.00 A.M. - 5.00 P.M. 
Mtondia, Tezo, Chumani, Matsangoni, Gede & adjacent customers",188101587899662_1379821148727694,2017-02-24T06:29:21+0000
Good Morning. Please find areas affected by scheduled interruption today. ^CN,188101587899662_1378800312163111,2017-02-23T05:44:49+0000
"Kahawa Ex Ruaraka (Clayworks,Kahawa Wendani,Part of Kasarani,KahawaBaracks,Kahawa West ) is off to realign a leaning pole.kindly bear with us^CB",188101587899662_1378029008906908,2017-02-22T10:11:39+0000
"Power loss experienced on Langata Ex Nairobi West (South C,Madaraka,Langata,Dam est, Uhuru Gardens and their environs).Issue being addressed^CB",188101587899662_1377930718916737,2017-02-22T06:09:07+0000
"Good Morning.Listed below are the scheduled interruptions for today,22.02.17 ^CB

NAIROBI COUNTY
AREA: MUTHAIGA DATE: Wednesday 22.02.2017 TIME: 9.00 A.M. ? 1.00 P.M. Getrude?s Hospital, Part of Muthaiga Rd, Serengeti Avenue, Mua Avenue, Arabian High Comm, Oilibya Plaza, Muthaiga Country Club, Muthaiga Golf Club, Muthaiga Police Stn & adjacent customers

AREA: UTHIRU, KINOO DATE: Wednesday 22.02.2017 TIME: 9.00 A.M. ? 5.00 P.M. Uthiru S/Centre, Tuskys S/Mkt, Pork Centre, Mukiri Rd, Mugi Rd, Kabete Vet Staff Houses, Shell P/Stn, Kinoo S/Centre & adjacent customers. 

AREA: RHINO PARK ROAD DATE: Wednesday 22.02.2017 TIME: 9.00 A.M. ? 5.00 P.M. Rhino Park Rd, Karen Hills, Kerarapon, Air & Travel College, St. Hannah?s Sch, Forest View Academy, Gitiba Pri Sch, Karinde S/Centre, Resurrection Garden, Part of Dagoretti Rd & adjacent customers.

AREA: PART OF KANGUNDO ROAD DATE: Wednesday 22.02.2017 TIME: 9.00 A.M. ? 5.00 P.M. Part of Eastern Bypass, Part of Kangundo Rd, AP Training Sch, GSU Training Sch, Fahari Hotel, Oil Libya Petrol Stn, Tuskys S/Mkt Kangundo Rd, Naivas S/Mkt Utawala, Utawala S/Center, Zebra S/Center, Astrol Petrol Stn, Benedicta Hosp & adjacent customers.

VIHIGA COUNTY 
AREA: MAJENGO DATE: Wednesday 22.02.2017 TIME: 9.00 A.M. ? 2.00 P.M. Majengo Town, Jebrok Mkt, Kapkerer Mkt, Gambogi Mkt & Police, Hon. Chemose & adjacent customers.

NYERI COUNTY 
AREA: WARAZO JET, MUNYU, LUSOI DATE: Wednesday 22.02.2017 TIME: 8.00 A.M. ? 4.00 P.M. Munyu, Warazo Jet, Naromoru Catholic Mission, Kiambogo, Muchuiri, KCC Cooling Plant Munyu, Lusoi, KWS Naromoru, Blue Line Hotel, Leisure Lodge, Batian View Hotel, Naromoru Girls Sch & adjacent customers. 

MURANGA COUNTY 
AREA: KAKUZI FARM, ITHANGA DATE: Wednesday 22.02.2017 TIME: 8.00 A.M. ? 4.00 P.M. Gatuamba Police Stn, Ithanga Water Supplies, Kasioni Dam, Ngelelia, Mbogo Farm, Kakuzi Livestock, Kinyangi Dam, Kiboko Dam & adjacent customers

KIAMBU COUNTY 
AREA: KINOO, MAGANA FLOWERS, PART OF KIKUYU TOWN DATE: Wednesday 22.02.2017 TIME: 9.00 A.M. ? 5.00 P.M. Gitaru Mkt, Muthiga, Part of Kidfarmaco, Baraniki, Rungiri & adjacent customers.

AREA: GATHANGA, KANUNGA DATE: Wednesday 22.02.2017 TIME: 8.00 A.M. - 5.00 P.M. Ngathanga S/Centre, Mayuyu Pri Sch, Mungoiya Sec, Muchatha Ngruwe, Gakui Farm, Ibonia Farm, Kiamara Farm, Kanunga Shops, Waguthu Village, Kasphat Village, Turitu Shops, Ngegu Shops & adjacent customers.

MOMBASA COUNTY 
AREA: PART OF BAMBURI, NEW NYALI DATE: Wednesday 22.02.2017 TIME: 8.30 A.M. ? 5.00 P.M. Part of Shanzu, Utange, Bamburi Staff Houses, Haller Park, Naivas S/Mkt, KRA Training Sch, KRA Staff Houses Bobs & adjacent customers.

AREA: PART OF MOMBASA ISLAND DATE: Wednesday 22.02.2017 TIME: 9.00 A.M. - 5.00 P.M. Kizingo, Agha Khan Hosp, Loreto, Light House, GTI, YMCA, Provincial Police HQtrs & adjacent customers. 

AREA: KIEMBENI DATE: Wednesday 22.02.2017 TIME: 9.00 A.M. - 5.00 P.M. Wema Centre, Mpalestina, Kidarajani, Naivas S/Mkt, Shilla Bar, Nakumatt Bamburi, Stage ya Paka, Mtopanga Pri Sch, Kerav Est, Zaituni, Nairobi Est, Green Est, Fisheries, Vescon 1 & E Est, Mwembelegeza, Kadzadhani, Kwa Bulo, Lake View Est, Bashir Prim, Fahari Est & adjacent customers

KILIFI COUNTY 
AREA: KALOLENI DATE: Wednesday 22.02.2017 TIME: 9.00 A.M. - 5.00 P.M. Part of Kaloleni Town, DC?s Office, Mwijo, Gotani, Kinarani, Mabaya Nyundo, Viragoni, Kabatheni & adjacent customers.",188101587899662_1377916025584873,2017-02-22T05:34:19+0000
Good evening.^SO,188101587899662_1377520025624473,2017-02-21T19:06:04+0000
"Good morning.Listed below are the areas with scheduled interruptions today,21.02.17^CB

NAIROBI COUNTY
AREA: ZIMMERMAN DATE: Tuesday 21.02.2017 TIME: 9.00 A.M. ? 1.00 P.M.
 Part of Zimmerman Est, Zimmerman County Council Mkt, Githurai 45, Equity Bank, Part of Kahawa Barracks & adjacent customers.

AREA: MAKUENI ROAD, KAPTEI GARDENS  DATE: Tuesday 21.02.2017 TIME: 9.00 A.M. ? 5.00 P.M. Makueni Rd, Suguta Rd, Mazeras Rd, Mugoiri Rd, Vihiga Rd, Kaptei Gardens, Kikamba Rd & adjacent customers.

 AREA: PART OF JAMES GICHURU ROAD, PART OF RIVERSIDE DRIVE  DATE: Tuesday 21.02.2017 TIME: 9.00 A.M. ? 5.00 P.M. Part of James Gichuru Rd, Mbambane Rd, Apple Close, Mzima Springs, Part of Riverside Drive, Strathmore Sch, Kanjata Crescent, Kabaserian Rd, Convent Rd, Njambi Rd, Gatina, Amboseli Rd, Lavington West Est, Musa Gitau Rd, Waruku & adjacent customers

AREA: PART OF KIANG?OMBE DATE: Tuesday 21.02.2017 TIME: 9.00 A.M. ? 5.00 P.M. Kiang?ombe, Heavy Engineering, Embakasi Railway Stn, Tile & Carpet, China Rd, Kapa Borehole, Foton & adjacent customers.

NAKURU COUNTY
AREA: UMOJA, BEEF RESEARCH, NGORIKA DATE: Tuesday 21.02.2017 TIME: 9.00 A.M. - 5.00 P.M. Lanet Barracks, Umoja, Ndundori, Ngorika Flowers, Modern, Shunem Sch, Posta, KALRO, ADC Farm, Beef Research, Wanyororo, Karumenu, Methodist & adjacent customers

KAKAMEGA COUNTY 
 AREA: SHINYALU DATE: Tuesday 21.02.2017 TIME: 8.00 A.M. ? 5.00 P.M. Shinyalu Mkt, Rondo Retreat, Savona Resort, Amalemba Mkt, Vihiga Ileho, Kakamega Water Works, Kakamega Air Strip, Mulwanda Mkt, Virembe Mkt & adjacent customers

MIGORI COUNTY 
AREA: KITERE DATE: Tuesday 21.02.2017 TIME: 8.00 A.M. ? 5.00 P.M. Kitere Mkt, Kanga High Sch, Kanga Mkt, Rongo University, Rakwaro Mkt, Rare Mkt, Nyamarambe, Kokuro, Nyatambe Mkt, Ndome, Seruti, Gamba, Obama Mkt, Kuja Mkt, DENDE, Ranen Mission, Nyaburu, Nduru Mkt, Nduru High Sch & adjacent customers.
 
NYERI COUNTY 
AREA: SEREMWAI, MARUA DATE: Tuesday 21.02.2017 TIME: 8.00 A.M. ? 4.00 P.M. Seremwai, Kirimara C/Fact, Ndurutu, Githiru, Marua S/Centre, Mhasibu Farm, Chris Murungaru Farm & adjacent customers.
 
LAIKIPIA COUNTY 
AREA: ICHUGA, SWEETWATERS DATE: Tuesday 21.02.2017 TIME: 8.00 A.M. ? 4.00 P.M. Ichuga, Mung?etho, Mung?etho Baraka, Mung?etho Container, Njoguini, Mirera & adjacent customers. 

MERU COUNTY
AREA: GITORO, KIRACHENE, GAKANDO DATE: Tuesday 21.02.2017 TIME: 8.00 A.M. ? 4.00 P.M. Gitoro, 3 Steers, Kenol Petrol Stn, Gitoro Conference, Meru Technical, ELSA Hotel, Gitoro Pri, Arims Engineering, Afya Maize Meal, Gulf Petrol Stn, Kaminchia Residence, Kirachene, Rocky Hotel, Nkunga Quary, Kwa Kamau, Mitoone, Mamaday Academy, Kiirua Market, St. Theresa Mission Hosp, Nazareth Sisters Polytechnic, Harvesters Academy, Kibubungi Academy, Kiborione, Ithudio Village, Ntugi Mkt, Ambassador Mutuma Kathurima Residence, Machaka, Juja Preparatory Sch, Ntugi Day Sec, Kamarai, Kaguabei, Marurui, Gakando Girls, Gakando Pri Sch, Uruthiru Brothers & adjacent customers.

MOMBASA COUNTY 
AREA: PORTREITZ DATE: Tuesday 21.02.2017 TIME: 9.00 A.M. - 5.00 P.M. Chaani, Migadini, Magongo, Portreitz, Potreitz Hospital, Bomu Hospital, Bokole, Part of Changamwe, Mainland, Kwa Hola & adjacent customers. 

AREA: CHANGAMWE, KIBARANI DATE: Tuesday 21.02.2017 TIME: 9.00 A.M. - 5.00 P.M. Focus, VVTI, Uganda Properties, Multiple Hauliers, Civicon, Mitchel Cotts, KMC, Bahati Bar, Changamwe Flats & adjacent customers

KWALE COUNTY 
AREA: DIANI DATE: Tuesday 21.02.2017 TIME: 9.00 A.M. - 5.00 P.M. Mvindeni, Milalani, Kona Musa, Kwale Campus, Millennium, Mascrep & adjacent customers",188101587899662_1376999779009831,2017-02-21T05:42:47+0000
"Good morning,
The following areas are under maintenance today.
NAIROBI WEST REGION
NAIROBI COUNTY
AREA: STATEHOUSE ROAD, NYERERE ROAD
DATE: Monday 20.02.2017 TIME: 9.00 A.M. ? 5.00 P.M.
Nyerere Rd, Lutheran Church, St. Andrews Church, St. Pauls Church, Statehouse Rd, UoN Halls, YMCA, United Kenya Club, Mamlaka Rd, Dorobo Rd, Mamlaka Hostels, Statehouse Girls, Arboretum Drive, Korobot Rd, Arboretum Rd, Upper Statehouse Rd, Stella Awinja, Nairobi Pri Sch, Serena Hotel, Aon Mnet, Processional Way",188101587899662_1376040282439114,2017-02-20T05:59:16+0000
"The following line are off due to faults:

BuruBuru Ex Kimathi( Buruburu, Ofafa, Maringo, Jericho, Makadara, Mbotela and environs) 

Pipeline Ex NSSF(Pipeline Estate and environs) is off due to a fault,Issue being addressed^CB

 Industrial Ex N/west(Bamburi Rd,Dakar Rd ,Dunga Rd,Lusaka Rd,Enterprise Rd,Industrial Area,Tsavo Rd).

 Mombasa Rd ex New industrial (Affected: Sameer Rd,Road 'C"",Diamond Park I&II,BanqueVilla Est).

Kindly bear with us as the technical teams in the respective areas work to restore power^CB",188101587899662_1373231846053291,2017-02-17T18:57:33+0000
"Fedha Ex NSSF is off affecting Pipeline, Fedha, Taj Mall, Quarry, Tassia, Airport north rd and environs. Team on site.^MM",188101587899662_1373101442732998,2017-02-17T16:34:09+0000
"Good morning,find areas listed for scheduled maintenance today^MW
NAIROBI WEST REGION
NAIROBI COUNTY
AREA: KILIMANI 
DATE: Friday 17.02.2017 TIME: 9.00 A.M. ? 5.00 P.M. 
Dennis Pritt Rd, Likoni Lane, Kitale Lane, Maalim Juma, Royal Media, St. Georges Sec Sch, KIOTA Sch, Statehouse Rd, Woodlands, Lenana Rd, Part of Rose Avenue, Spinal Injury, Thai Embassy, Kilimani Police Stn, Jabavu Rd, Turbo Rd, Part of Chaka Rd, Tigoni Rd, Mtito Andei Rd, Nyangumi Rd, Theta Lane & adjacent customers.

WESTERN REGION
KISUMU COUNTY

AREA: MIWANI 
DATE: Friday 17.02.2017 TIME: 8.00 A.M. ? 2.00 P.M. 
Miwani Town, Masogo Mkt, Kasingo Mkt, Kititi Mkt, Ombenyi Mkt, Ahero Irrigation Board Offices & adjacent customers.

VIHIGA COUNTY

AREA: VIHIGA 
DATE: Friday 17.02.2017 TIME: 8.30 A.M. ? 3.00 P.M. 
Chavakali Mkt, Chavakali High Sch, Mbale High Sch, Mbale Mkt, St. Clare?s Sec Sch, Lunyerere & adjacent customers.

COAST REGION
MOMBASA COUNTY

AREA: PART OF NYALI, KONGOWEA 
DATE: Friday 17.02.2017 TIME: 9.00 A.M. - 5.00 P.M. 
Nyali Nakumatt, Nyali Cinemax, Mkomani Est, Umoja Est, Razia, Kongowea, Kongowea Mkt, Mkomani Est, Mombasa Show Ground, English Point, Fisheries, Bamburi Silos, Ruiru Inn Restuarant, Shell Petrol Stn, Mama Ngina Rd, Nyali Police Stn, Greenwood Drive, Coral Drive, Koroga Restaurant, Mombasa Academy, English Point Greenwood Apts, Nyali Beach Hotel, Nyali Holiday Resort, Nyali Barracks & adjacent customers.

AREA: MSABWENI, SHIMONI 
DATE: Friday 17.02.2017 TIME: 9.00 A.M. - 5.00 P.M. 
Bomani, Shimoni, Kikoneni, Shimba Hills & adjacent customers.",188101587899662_1372595486116927,2017-02-17T05:59:57+0000
"Good morning, please find areas listed for scheduled maintenance as shown below^JM

NAIROBI NORTH REGION
NAIROBI COUNTY

AREA: PARKLANDS, HIGHRIDGE 
DATE: Thursday 16.02.2017 TIME: 9.00 A.M. ? 5.00 P.M. 
Avenue Hospital, Jalaram Rd, Wangapala Rd, Eldama Ravine Rd, General Mathenge Drive, Peponi Rd, Ring Rd Parklands, Mpaka Rd, 3rd Parklands Avenue, Highridge S/Center, Parts of 6th Parklands Avenue, 9 West, The Oval, Westgate Shopping Mall, Oshwall College, 1st Parklands Avenue, Shivachi Rd & adjacent customers

NAIROBI SOUTH REGION
NAIROBI COUNTY

AREA: PART OF MOMBASA ROAD, MLOLONGO 
DATE: Thursday 16.02.2017 TIME: 8.00 A.M. ? 2.00 P.M. 
Alpharama Ltd, Athi Stores, Kingspipe, Ndovu Cement, Duldul Enterprises, Total P/Stn Sabaki, Delta Plains, South Park Est, Mlolongo Mkt, London Distillers, Tuffoam Mattresses & adjacent customers.

MAKUENI COUNTY

AREA: EMALI, LOITOKTOK, KIBOKO 
DATE: Thursday 16.02.2017 TIME: 8.00 A.M. ? 5.00 P.M. 
Kiboko Stn, Kari, Kiboko Town, Masimba, Ap Snr Staff College, Whole of Emali Town, Kipini Quarries, Mashuruu, Part of Sultan Hamud, Mulala Nziu, Kalamba, Kivaani, Mukuyuni, Kali, Kilala, China Road Railway Gauge Mashimba, Simba Cement Loitoktok Rd & adjacent customers. 

 
AREA: WOTE TOWN 
DATE: Thursday 16.02.2017 TIME: 9.00 A.M. ? 5.00 P.M. 
Nthia Mkt, Kiangini Sec Sch, Kiangini Mkt, Kitise Mkt, Mavindini Mkt, Mbuvo Mkt, Kavumbu Mkt, Kathonzweni Town, Wote Hospital, Wote Gorvernor?s Office, Wote Technial College, Mwaani Girls Sec Sch, Mwaani Boys Sec Sch, Nthangu Sec Sch, Wote Town & adjacent customers.

MT. KENYA REGION
NYERI COUNTY

AREA: TUMUTUMU, NGORANO, KIAMARIGA 
DATE: Thursday 16.02.2017 TIME: 8.00 A.M. ? 4.00 P.M. 
Tumutumu Hosp, Kiangoma, Thaithi, Wakamata, Ngandu, Rititi, Hiriga, Ngaini Macadamia Village, Gatung?ang?a, Cieni, Mikundi, Kaagati, Ruthagati, Kiamariga, Nyana, Iruri, Mutaaga, State Lodge, Kiawarigi, Itiati, Kiamucheru, Kihuri & adjacent customers.

MERU COUNTY
AREAS: MIKINDURI 
DATE: Thursday 16.02.2017 TIME: 8.00 A.M. ? 4.00 P.M. 
Mikinduri Stage, St. Masimo Catholic Mikinduri, Kagaene, Kimanchia, Kimanchia Sec, Kibuline, Mbeu Disp, Mbeu, Makandi Pri, Amugaa, Mikinduri Girls Sec, Kiriene Boarding, Mikinduri, Kiguchwa, Mulika, Ametho Boarding, KK Mwethe Pri, Mikinduri Girls, Miathene Boys, Miathene, Miathene Hosp, Kitheo Sec, Kitheo, Kunati, Ankamia, Mulika, Akaiga, Amatu, Mulango, Antuathege, Antubeiga & adjacent customers.

AREA: KENOL, KIMORORI 
DATE: Thursday 16.02.2017 TIME: 8.00 A.M. ? 4.30 P.M. 
Kenol Township, Kimorori, DC?s Office Kenol, Kenneth Matiba Hosp, Kenol, Muranga Investment, Golden Palm Hotel, Trotters Hotel, Kagaa, KCB & adjacent customers.

NORTH EASTERN REGION
KIAMBU COUNTY

AREA: JUJA TOWN, KALIMONI MISSION 
DATE: Thursday 16.02.2017 TIME: 9.00 A.M. - 4.00 P.M. 
Juja Town, St. Bakita, Bristar Girls, Moshi Flowers, Premier Bag, Muigaini, Kenyatta Rd, Kipipiri & adjacent customers.

 
COAST REGION

KILIFI COUNTY AREA: PART OF MARIAKANI 
DATE: Thursday 16.02.2017 TIME: 9.00 A.M. - 5.00 P.M. 
Danka Petrol Stn, PN Mashru, Bofa, Part of Mazeras Town, Kasemeni, Rabai Power, Mazeras Township, Kasemeni, Bofu, SS Mehta, Iron Africa, Dhanjal, Kokotoni, Mombasa Slaughter House, Mwanda, Kalalani, Guruguru, Kadzonzo, Whole of Mariakani, Bamba, Mnyenzeni, Mtsara Wa Tsatsu, Taru, Meli Kubwa, Mariakani Barracks, Samburu, Waybridge, Athi River Mining, Kombeni Girls, Tarmal Mazeras, Steelmakers Mazeras, Mwele, Rabai & adjacent customers.

TAITA TAVETA SUB-COUNTY

AREA: MWATATE, PART OF LOITOKTOKI SUB COUNTIES 
DATE: Thursday 16.02.2017 TIME: 9.00 A.M. - 5.00 P.M. 
Bura Mkt, Kamtonga Mines, Sanga Mkt, Bura Girls High Sch, Bura Catholic Teachers College, Starehe, Kamili Mkt, Mwashuma Dispensary, Taita Salt Lick Lodges, Whole of Mwakitau, Mwakitau Sec Sch, Mwakitau Dispensary, Timbila Mkt, Timbila High Sch, Rekeke Mkt, Mata Mkt, Mata Dispensary, Darajani Mkt, Njoro Springs, Mahoo, Rashia, Bura Ndogo, Taveta District Hosp, District Commissioners HQtrs, Taveta Council, Kimorogo Mkt, Kimala Mkt, Kiwalwa Mkt, Eldoro Girls High Sch, Whole of Taveta Town, Ziwani Est, Chumvini, Njukini, Njukini Dispensary, Bishop Njenga High Sch & adjacent customers.",188101587899662_1371390939570715,2017-02-16T05:39:51+0000
"Outering Ex N/south is off due to a fault.Areas affected: Makadara Est,Umoja1&2 ,Tena Est,Buruburu ph 4&5,Ofafa Maringo,Jogoo Rd,Rabai Rd.Issue being addressed^CB",188101587899662_1370930822950060,2017-02-15T19:37:21+0000
Industrial substation Ex Nairobi West is off affecting South B and Plainsview.Work in progress^CB,188101587899662_1370922546284221,2017-02-15T19:27:58+0000
"Fault on Ongata Rongai ex Matasia affecting KCB Rongai,Laiser hill,Sironik Rd, Maxwell Academy,Green castle hotel,Ongata rongai,Tuskys rongai,Fatima Dispensary & environs

Njiru Ex Ruai is off affecting Njiru,Kirima Dandora,Chokaa & environs.

Technical teams are currently working to restore power to the affected areas^CB",188101587899662_1370877576288718,2017-02-15T18:46:59+0000
Good Morning. Please find areas under scheduled interruption today. ^CN,188101587899662_1370406469669162,2017-02-15T05:32:41+0000
"Good morning, listed below are areas on shutdown today.^SR",188101587899662_1369487963094346,2017-02-14T06:03:25+0000
Areas on shutdown ^LW,188101587899662_1368728066503669,2017-02-13T08:44:29+0000
Areas on shutdow. ^LW,188101587899662_1368727846503691,2017-02-13T08:43:41+0000
"Riverside Ex Kileleshwa(Migori rd,Githunguri rd,Kangundo Rd,tabere cresent,kieni rd,Riverside,Laikipia rd,Mandera rd,Ring rd kileleshwa)

Airport Ex Nssf(Nyayo Est,Utawala,Donholm ph5 & 8,Harambee Sacco,Greenspan,NSSF est,Baraka Est,Embakasi)

Technical teams are working to restore power to the above affected lines.Kindly bear with us^CB",188101587899662_1368175766558899,2017-02-12T17:15:52+0000
"The following lines are off due to faults:

Outering Ex N/south(Makadara Est,Umoja1&2 ,Tena Est,Buruburu ph 4&5,Ofafa Maringo,Jogoo Rd,Rabai Rd)

Dara 1 ex N/South.(HomaBay Rd,Isiolo Rd, Enterprise Rd,General printers)

Breakdown in Kitisuru and environs 

kindly bear with us as our technical teams work to restore power^CB",188101587899662_1368017349908074,2017-02-12T13:28:56+0000
"Athi Ex juja 66kv (Part of Athi River,Mlolongo,Syokimau)is off due to burnt High Tension poles.

Fault on Light industries Ex Huruma(Kariobangi,civil servants,Light industries,Mutarakwa rd,Dandora ph 1)

Technical teams in the respective areas are working to restore power^CB",188101587899662_1367291356647340,2017-02-11T17:05:46+0000
"The following areas are on maintenance today.^MM

NAIROBI NORTH REGION
NAIROBI COUNTY
AREA: ROSSLYNE LONE TREE ESTATE 
DATE: Friday 10.02.2017 TIME: 9.00 A.M. - 5.00 P.M. 
Rosslyne Lone Tree, Canadian Embassy Residence, Riviera Shopping Mall & adjacent customers.
NAIROBI WEST REGION
NAIROBI COUNTY
AREA: PART OF KAREN 
DATE: Friday 10.02.2017 TIME: 9.00 A.M. ? 5.00 P.M. 
St. Hellen Rd, Fair Acres, Silanga Rd, Nairobi Academy, Kuwinda, Lang?ata South Rd, Mukoyet, Mukinduri, Murishu, Samburu, John Keen, Hillcreset Sch & adjacent customers.
COAST REGION
MOMBASA COUNTY
AREA: MUSHOMORONI 
DATE: Friday 10.02.2017 TIME: 9.00 A.M. - 5.00 P.M. 
Part of Vikwatani, Mushomoroni, Junda, Baarsheba, Mwandoni & adjacent customers.

AREA: KALOLENI, RIBE 
DATE: Friday 10.02.2017 TIME: 9.00 A.M. ? 5.00 P.M.
 Kaloleni Town, Ribe, St. Lukes Hosp, St. Georges Sec Sch, St. Johns Sec Sch, Kambe Mines, Bondora, Ribe Boys & Girls, DC?s Offices, Gotani, Maandani, Mwanamwinga, Kwa Demu, Kwa Madaba, Chilulu, Majengo, Mwandaza and adjacent customers.",188101587899662_1366009283442214,2017-02-10T07:43:57+0000
"Good morning,find areas on scheduled maintenance today.^MW

NAIROBI NORTH REGION
NAIROBI COUNTY

AREA: PARKLANDS 
DATE: Thursday 09.02.2017 TIME: 9.00 A.M. ? 5.00 P.M. 
Part of High Ridge S/Center, Mtati Rd, 4th & 5th Parklands Avenue, Githuri Rd, Concorde Hotel, Indian High Commission Residence, Diamond Plaza & adjacent customers.

NAIROBI WEST REGION
NAIROBI COUNTY

AREA: KWS, LANG?ATA BARRACKS 
DATE: Thursday 09.02.2017 TIME: 9.00 A.M. ? 5.00 P.M. 
Ngei Est, Soweto Kibera, Lang?ata Barracks, KWS, Galleria Mall, Lang?ata Police, Lang?ata Womens Prison, Carnivore Restaurant, Phantom Est, KRA Houses, Otiende Est & adjacent customers.

AREA: PART OF KILIMANI, YAYA CENTRE 
DATE: Thursday 09.02.2017 TIME: 9.00 A.M. ? 5.00 P.M. 
Ring Rd Kilimani, Prestige Plaza, Woodley Est, Moi Girls Sch, Joseph Kang?ethe, Langiri, Toi Mkt, Jamhuri Phase I & II Est, Part of Ngong? Rd, Yaya Centre, Kilimani Pri Sch, Kirichwa Rd, Gatana Rd, Kayahwe Rd, Part of Lenana Rd, Part of Dennis Pritt Rd & adjacent customers. 

AREA: PART OF KAREN, MUTUINI, KIRIGU 
DATE: Thursday 09.02.2017 TIME: 9.00 A.M. ? 5.00 P.M. 
Part of Karen, Dagoretti Rd, Link Rd, Warai South, North Rd, Pepo Rd, Three D Lane, Karen Bible College, Rhino Park, Karinde, Dagoretti Mkt, Gitiba Pri, Kirigu Pri, Kirigu, Mutuini Pri & High Sch, Mutuini Village, Motego, Kabiria & adjacent customers.
NAIROBI SOUTH REGION
NAIROBI COUNTY
AREA: PART OF ATHI RIVER, PART OF MOMBASA ROAD 
DATE: Thursday 09.02.2017 TIME: 9.00 A.M. ? 5.00 P.M. 
Athi River Town, Alpha Millers, Tuskys, Steel Plant, Co-op Bank, KMC, Sabaki Factory, Kinani Factory, Gilby Godowns, Grayland Estate, Toptank & adjacent customers

CENTRAL RIFT REGION

AREA: MURUNGARU, TULASHA, LELESHWA 
DATE: Thursday 09.02.2017 TIME: 9.00 A.M. - 5.00 P.M. 
Whole of Murungaru, Tulasha, Leleshwa, Top Harvest & adjacent customers.

WESTERN REGION

VIHIGA COUNTY AREA: CHEPTULU 
DATE: Thursday 09.02.2017 TIME: 8.00 A.M. ? 5.00 P.M. 
Sabatia Eye Hosp, Sabatia Mkt, Hamisi Mkt, Seremi Mkt, Goibei Girls, Kaimosi Complex, Kaimosi University College, Cheptulu Mkt, Lusengeli Sec School, Mudete Tea & adjacent customers.

SOUTH NYANZA REGION
MIGORI COUNTY
AREA: AWENDO, RANEN, RAPOGI, GOGO 
DATE: Thursday 09.02.2017 TIME: 8.30 A.M. ? 5.00 P.M. 
Rakwaro Mission & Seminary, Rakwaro Mkt, Oyugi Ogango Sec Sch, Kanga High Sch, Kitere Jiggery, Rongo University Main Campus, Whole of Kuja Mkt, Kokuro Mkt, Kokuro High Sch Kokuro Water Pump, Gamba High Sch, Rabondo Dispensary, Rabondo High Sch, Odongo Oher Mkt, SirutI Mkt, Marindi Polytechnic, Ranen Mkt, Cham Gi Wadu Mkt, Maroo Mkt & Sec Sch, Whole of Awendo Township, Rinya Mkt, Dede Mkt, Awendo Sub County Offices, Ulanda Girls High Sch, Mariwa Mkt, Oyani Maasai, Sigiria, Enosaen Mkt, Transmara Sugar, Rabuor Mkt, Ogwethi Mkt & Hosp, Opasi, Uriri Mkt & Sec Sch, Rapogi High Sch, Governor?s Home, Sukari Industry, Riat Mkt, Oria Mkt, Gogo Power Station, Macalder, Osiri Mkt, Lwanda Magwar Mkt, Muhuru Mkt, Bande Nyandema Mkt, Othoch Rakuom, Ongoche, Namba Kodero, Masara Mkt, Mukuro Mkt, Nyabisawa Girls, Sagero, Bondo, Nyironge, Giribe, Apilo & GodKwer Mkt, Akidiva Ojele Hospital, Florence Hotel, Oruba, Whole of Migori Town, Migori TTC, Bansi Supermarket, G4S Offices, Ombo & Migori District Hosp, Migori High Court, Migori Prison & DC Offices, Migori County Offices, Kadika Girls High Sch, Osingo & Kawa Mkts, Alara Mkt, Kenya Women Migori Branch, Co-op Bank of Kenya, National Bank, Five Star Petrol Stn, Jamaa Petrol Stn, NHIF Offices, Office of Women Rep, Hill View Hotel, National Oil, Dolion Hotel, Sala Bakery, Victoria Petrol Stn, Legio Maria Church, ACK Church, Baby Shines Academy, Rabado, Riziki Plaza, Heritage Hotel, Nyasare Water Supply, Mikutra Water, Alliance One, Bware High Sch, Oyani Farm, Kenya Relief, Karamu, Kugisingisi, Suba Kuria, St. Mary?s Mote Morabu & Komomwamu, Kubweye High Sch & Mkt, Nyabohanse Mkt, Moi School, Nyankore Mkt, Isibania Mission & High Sch, KRA Offices, Whole of Isibania Mkt, Border Point, Nyametaburo & Masangora Mkt, Nyamtiro & Nyaroha High Sch, Gwikonge & Ikerege Mkt, Taranganya High Sch, Nyabikongori, Komotobo Mission, Senta Mkt, Kebaroti Sec Sch, Remanyanki, Makarangwe, Ntimaru, Matare Sec Sch, Nyamagogongwi, Kugitimo, Kegonga Sec Sch, DC?s Offices, Maeta, Whole of Kehancha Township, DC?s & Sub County Offices, Kehancha Police & District Hosp, St. Kizito, Game, Kurutiyange, Nyamagagana, Masaba, Getong?anya Mkt & adjacent customers.

MT. KENYA REGION
NYERI COUNTY
AREA: ITHEKAHUNO, KANGAITA 
DATE: Thursday 09.02.2017 TIME: 8.00 A.M. ? 4.00 P.M. 
Ithekahuno Mkt, Nyaithe, Gititu Sec Sch, Gititu Pri Sch, Githungo Pri Sch, Karo Pri Sch, Gura, Aguthi Mkt, Wachuri C/Fact, Kiaraho Pri Sch, Kiamukere, Kagumo TTC & adjacent customers.

MERU COUNTY
AREA: MAGUTUNI 
DATE: Thursday 09.02.2017 TIME: 8.00 A.M. ? 4.00 P.M. 
Igoji Teachers College, Kieni Kiandege, Igoji Mkt, Kathingiri Boarding, Gicici Mkt, Keria Mkt, Riakanugu C/Fact, Iruma Girls, Kiroo C/Fact, Magutuni Mkt, Kiurani High Sch, Ikorani Safaricom Booster, Kaare Mkt, Ghetto Village, Igoji Boys, Mweru Mkt & adjacent customers.

AREA: KAMAHUHA, KAKUZI OFFICES, THAMARA, GITHEMBE 
DATE: Thursday 09.02.2017 TIME: 8.00 A.M. ? 4.00 P.M. 
Saba Saba, Kamahuha, Shangai, Kakuzi Offices & Workshop, Makuyu & Dispensary, Shangai, Green Fields, Saba Saba Township, Kamahuha Sec Sch, Kaharati, GOTV Booster, Kaharati Sec Sch, Heho, Thamara, Thamara Sec Sch & PCEA Church, Githembe, Kagaa Farmers & adjacent customers.

COAST REGION
MOMBASA COUNTY
AREA: PORTREITZ 
DATE: Thursday 09.02.2017 TIME: 9.00 A.M. - 5.00 P.M. 
Chaani, Migadini, Magongo, Port Reitz, Port Reitz Hospital, Bomu Hospital, Part of Changamwe, Mainland, Kwahola & adjacent customers.

KILIFI COUNTY
AREA: JARIBUNI 
DATE: Thursday 09.02.2017 TIME: 9.00 A.M. - 5.00 P.M. 
Shree Laxmi, Jaribuni Quarry, Dzitsoni, Chasimba, Chasimba H/ Center, Lutsangani Sec Sch, Pigilkani, Eureka Sec Sch, Bahari Girls, Mavueni & adjacent customers. 

AREA: PART OF MALINDI 
DATE: Thursday 09.02.2017 TIME: 9.00 A.M. - 5.00 P.M. 
Part of Malindi Town, Old Town, Malindi Hospital, Oasis Village, Coral Key, Silver Sands, Margot, Casuarina, Chanamai, Mayungu, Assunta Angels, Jacaranda & adjacent customers.

KWALE COUNTY
AREA: MWABUNGO 
DATE: Thursday 09.02.2017 TIME: 9.00 A.M - 5.00 P.M. 
Mwisho wa Lami, Galu Beach Cottages, Almanara, Kilakitu Cottages, Kennaways, Neptune Beach Hotel, Mango Park, Palm Park 1, Palm Park 2, Lantana Beach Resort, Puffins, Pinewood Beach Hotel, Kinondo Kwetu, Holiday Resort & adjacent customers.",188101587899662_1365133826863093,2017-02-09T06:55:51+0000
"UPDATES:

(1)Ongata Rongai& Nkoroi ex Matasia is off(Broken Jumper)-affected areas-KCB Rongai,Church Rd,Maxwell Rd, AIC Nkoroi,Tuskys,Ongata rongai,Kware, Masai lodge, Nazarene and environs.

(2)Katani Ex Syokimau (off to clear trees on line)-Affected;Joly Farm,Orbit Quarry, Danana Sec, Evergreen Crop & environs .Teams finalizing issue.

(3)Riruta ex Kabete is off affecting Hatheru,Lavington,Kawangware,Valley Arcade,Riara Rd ,Riruta,Gitanga Rd and environs. Team attending^JM",188101587899662_1364293200280489,2017-02-08T10:02:54+0000
"Good morning, see areas on scheduled maintenance today as shown below^JM:

NAIROBI NORTH REGION
NAIROBI COUNTY

AREA: WESTLANDS 
DATE: Wednesday 08.02.2017 TIME: 9.00 A.M. ? 5.00 P.M. 
Part of Kolobot Rd, Part of Taarifa Rd, Part of Ojijo Rd, Part of Muthithi Rd, Part of Westlands Rd, Part of Chiromo Rd, Part of Mpaka Rd, Woodvale Groove & adjacent customers. 

AREA: EASTLEIGH, KIE, GURU NANAK HOSPITAL 
DATE: Wednesday 08.02.2017 TIME: 9.00 A.M. - 5.00 P.M. 
Guru Nanak Hosp, KIE, Pangani Police Stn, Pangani Girls High Sch, Radiant Hosp, Gertrude Children Hosp, Juja Rd S/Centre, Eastleigh High Sch, Pumwani Boys High Sch, Starehe Boys Centre, Part of Old Race Course Est, Nomad Hotel, Shell Petrol Stn, Muratina Street, Part of Gen Waruingi Street, Chai Rd, Adhumani Kipaga Rd, Part of Juja Rd, Part of Muranga Rd, North View Rd & adjacent customers. 

AREA: SAIKA 
DATE: Wednesday 08.02.2017 TIME: 10.00 A.M. ? 4.00 P.M. 
Whole of Saika Est, Dandora Maili Saba, Part of Kangundo and adjacent customers. 

AREA: MOWLEM 
DATE: Wednesday 08.02.2017 TIME: 10.00 A.M. ? 4.00 P.M. 
Baraka Est, Dandora Phase 4 & Phase 5 & adjacent customers. 

AREA: GREENSPAN, SPINE ROAD, PART OF KAYOLE 
DATE: Wednesday 08.02.2017 TIME: 10.00 A.M. ? 4.00 P.M. 
Kayole Masimba, Soweto, Nyando Kioi, Sabasaba, Maria Hosp, Amani Children?s Home, Kwa Chief, Mama Lucy Kibaki Hosp, Nasra Est, Bee Centre, DO?s Office, Mihang?o, Umoja 1 & 2 Est & adjacent customers. 

AREA: KAYOLE, PART OF KOMAROCK ESTATE 
DATE: Wednesday 08.02.2017 TIME: 10.00 A.M. ? 4.00 P.M. 

Kayole, Komarock Sector 1 & 2, Mihango, Kenya Builders, Kibiku, Kayole 1, Kayole Police, Matopeni, Kayole Social Hall, Emaculate Pri, Karagita, Kayole 1 Pri & adjacent customers. 
AREA: UMOJA 
DATE: Wednesday 08.02.2017 TIME: 10.00 A.M. ? 4.00 P.M. 
Part of Kangundo Rd, Ndovu Millers, Part of Komarock Est, Nyamavila, Komarock Social Hall, Co-op Bank, Naivas S/Mkt, Family Finance, Kenol Petrol Stn, Part of Spine Rd & adjacent customers.

NAIROBI WEST REGION
NAIROBI COUNTY

AREA: PART OF NGONG? ROAD, RIARA ROAD 
DATE: Wednesday 08.02.2017 TIME: 9.00 A.M. ? 5.00 P.M. 
Makueni Rd, Suguta Rd, Mazeras Rd, Oloitoktok Rd, Mararo Avenue, Oleodume Rd, Riara Rd, Kenya Science, Part of Ngong? Rd, Makindi Rd & adjacent customers. 

AREA: KIBERA, CHINA CENTRE 
DATE: Wednesday 08.02.2017 TIME: 9.00 A.M. ? 5.00 P.M. 
Nairobi Baptist Church, Jamii Autocare, WOFAK, Beam Hearing Centre, Baywater Court, Faulu Kenya, Kay Group Centre, Central Nazarene Church, Part of Coptic Church, Caremax, Part of Ngong? Rd, Maki Apartments, China Centre, Kibera, Kibera Law Courts, Kabarnet Rd, Karanja Rd & adjacent customers. 

AREA: PART OF WESTLANDS 
DATE: Wednesday 08.02.2017 TIME: 9.00 A.M. ? 5.00 P.M. 
Toyota Kenya, Part of Waiyaki Way, All African Conference of Churches, Part of Church Rd, Mahiga Mairu Rd, Part of St. Michael Rd, Part of Kanjata Rd, Muthangari Drive, Safaricom House & adjacent customers.

SOUTH NYANZA REGION

KISII COUNTY AREA: IGONGA, KISII 
DATE: Wednesday 08.02.2017 TIME: 8.00 A.M. ? 5.00 
Mount Kenya Univ, Gesonso Quarry, Gesonso Waterbuck Hotel, Nyagwekoa Mkt, Suneka Sewage, Kiaruta Dispensary, Kiaruta Mkt, Gesero Mkt, Igonga Sec Sch, Igonga Mkt, Kibeneni Sec Sch, Nyamatwon Dispensary, Bogitaa Pri Sch, Bogitaa Mkt, Mogumo Mkt, Orianyi Entanke, Nyamatutu, Ikoba Mkt, Bonchari, Mogumo Tea Buying Centre, Moguga, St. Benardine Pri Sch, Pine Cake Academy, Mititi Sec Sch & adjacent customers.

MT. KENYA REGION

EMBU COUNTY AREA: GICHUGU 
DATE: Wednesday 08.02.2017 TIME: 8.00 A.M. ? 4.00 P.M. 
Stop Over, Woods Lodge Annex, Nguviu Boys & Girls, Kathangariri T/ Fact, Kiamutugu Mkt, Githure Mkt, Kibugu Mkt & Factory, Gaciongo Mkt, Kagumo TBC, St Ann Gituba, Kiaumbui C/Fact, Kegwa C/Fact, Ngerwe, Nguviu Mission & adjacent customers.

MURANG?A COUNTY

AREA: MBENDO, KIRWARA, MUKARARA, KIHUBUINI 
DATE: Wednesday 08.02.2017 TIME: 8.00 A.M. ? 4.00 P.M. 
Ngararia Mkt, Mbendo Fact, Muruka Mkt, Kirwara Mkt, Kirwara Sec, Mukara, Kihubuini Mkt, Gatanga Girls, Gatanga CCM, Gatoka Ltd, Githambia, Kiunyu Mkt, Mukure, Njahaini & adjacent customers.

NORTH EASTERN REGION
KIAMBU COUNTY

AREA: JUJA FARM, GIKUMARI 
DATE: Wednesday 08.02.2017 TIME: 9.00 A.M. ? 5.00 P.M. 
Juja South Est, Corner Brook Sch, Mama Mumbi, Juja Milk Processors, KPP Flowers, Juja Polytechnic, Juja Farm Mkt, Juja House, MUMBA, Athi Dispensary, Gikumari & adjacent customers.

COAST REGION
MOMBASA COUNTY

AREA: PART OF MOMBASA ISLAND 
DATE: Wednesday 08.02.2017 TIME: 9.00 A.M. - 5.00 P.M. 
Tudor Estate, KAFOCA, Manyimbo, Kaa Chonjo, Winners Chapel, Simba Colt, Tudor Mwisho, Kiziwi, Hamisi Sec Sch, Tudor Sec Sch, Tudor Four, Rasini Rd, Mombasa Technical Institute, Buxton Bar, JCC, Ronald Ngala Rd, Saba Saba, School for the Deaf, Tudor Hospital & adjacent customers.",188101587899662_1364195746956901,2017-02-08T06:48:14+0000
"Supply line to Saika off affecting Maili Saba, Obama est, Kayole, Kangundo rd, Mima centre, Komorock est & environs.^JO",188101587899662_1363653557011120,2017-02-07T18:19:01+0000
"Single phasing on Roysambu Ex Ruaraka(Kamiti Rd,Githurai 44,Mirema Drive,Kiamumbi area and environs).Issue currently being addressed^CB",188101587899662_1363580430351766,2017-02-07T16:48:19+0000
"The following lines are off due to faults:

Saika Ex komarock(Juja Control,Saika,Obama,Mima Centre,Komarock Est,Maili Saba,Kayole)

Umoja Ex komarock(Komarock,Part of Kayole,Part of Umoja and their environs.)

Mombasa Rd Ex Mombasa Rd (Libra hse,Masai Rd,K.P.A Embakasi Depot,Rafiki millers and environs)

Airport Ex Mombasa Rd(Dilpack Universal,Mombasa Rd,Aplha Centre,Warwick Centre,Excel Chemicals,Kengen depot)

Kindly bear us as our technical teams in the respective areas work to restore power^CB",188101587899662_1363446540365155,2017-02-07T13:55:39+0000
Good Morning. Kindly find areas under scheduled interruptions today. ^CN,188101587899662_1363087073734435,2017-02-07T06:04:42+0000
"Good morning, View below for areas on maintenance today. ^SR

SHUTDOWNS 06-02-2017
Time off  Date off  Feeder/s ex Source Source Works
0900hrs-1700hrs 06/02/2017 Both Hurligham & Ngong Rd fdrs ex N/West S/S   Tree cutting, Jumper rehabilitation & erection of HT midspan poles.
0900hrs-1700hrs 06/02/2017 Tala 66Kv line ex Ruai S/S   Tree cutting & restringing OPGW cable.
0900hrs-1700hrs 06/02/2017 Part of Dam fdr byd Y5149 ex N/West S/S   Tree cutting, Jumper rehabilitation, replacing rotten poles & structures.
0900hrs-1300hrs 06/02/2017 Athi fdr ex N/South S/S   Installation of cable structure.
0900hrs-1700hrs 06/02/2017 Karen 66Kv line ex N/West S/S   To replace broken concrete pole.

NAIROBI WEST REGION

NAIROBI COUNTY 

AREA: PART OF LANG?ATA ROAD 
DATE: Monday 06.02.2017 TIME: 9.00 A.M. ? 5.00 P.M. 
Sunshine Sch, Part of Wilson Airport, Uchumi S/Mkt, Kenol Kobil, Dam Est, Part of Lang?ata Rd, Lang?ata Hosp, Maasai Rd, Kitengela Rd, Rubia Est, Park I & II Est, Southlands Est, Onyonka Est, NHC Houses & adjacent customers. 

AREA: PART OF KNH, MBAGATHI ROAD 
DATE: Monday 06.02.2017 TIME: 9.00 A.M. ? 5.00 P.M. 
Ngumo, Part of Kibera, KNH, Mbagathi Rd, Kenyatta Mkt, Golf Course, Magiwa Est, Part of Mimosa & adjacent customers.

NAIROBI SOUTH REGION

NAIROBI COUNTY

AREA: TASSIA ESTATE 
DATE: Monday 06.02.2017 TIME: 9.00 A.M. ? 5.00 P.M. 
NCPB Silos, Tumaini Estate, Avenue 1 & 2, Tassia Est, Kobil, Part of Outer Ring Road & adjacent customers.

MACHAKOS COUNTY

AREA: TALA MARKET, KANGUNDO TOWN 
DATE: Monday 06.02.2017 TIME: 9.00 A.M. ? 5.00 P.M. 
Tala Mkt, Kangundo Mkt, Kangundo General Hosp, Nguluni, Katini, Sengani, Kinyui, Kikaaini, Kisukioni, Katangini, Matakutha, Mbuni, Ngomeni, Kathityamaa, Misuuni, Tutu, Tala High Sch, Ngonda, Matungulu Boys, Kithimani, Kakulutini, Mukaa Mukuu, Fr. Heeran Sch, Katunduni SDA Church, Kikaatini & adjacent customers.

NORTH EASTERN REGION

KIAMBU COUNTY 

AREA: KENYATTA ROAD, KIMUNYU 
DATE: Monday 06.02.2017 TIME: 8.00 A.M. - 5.00 P.M. 
Magumu Est, Karunguru Est, Muthaite Flowers, Crops Coffee Est, Twiga Coffee Est, Kimunyu Mkt, Gathithia Village, Mang?u Investment, Kibii Pri, Brook Est, Ruera Coffee & adjacent customers.

AREA: KENYATTA ROAD, ICHAWERI, KIGANJO 
DATE: Monday 06.02.2017 TIME: 8.00 A.M. - 5.00 P.M. 
Kiganjo Mkt, Mutomo Mkt, Gitare Mkt, Kiamworia, Ndundu, Waiganjo, Kiganjo Polly, Njagu, Mutimumu, Mumbuini, Gaturia Maru, Chura, Gitwe, Githembe & adjacent customers.

CENTRAL RIFT REGION

NAKURU COUNTY

AREA: KERINGET, NJORO, EGERTON, KIPTAGICH, KABARAK 
DATE: Monday 06.02.2017 TIME: 9.00 A.M. - 4.00 P.M. 
Whole of Njoro Town, Egerton Univ, Kenana Farm, Sian Roses, Comply Njoro, Nyota Farm, Willa, Seguton Centre, Kimalany Centre, Langwenda, Justice Bosire?s Place, Sinendet, Keringet Centre & Hospital, Keringet Brookside, Tendwet Centre, Amallo, Burnei Hotel, Olenguruone Town, Olengurone Brookside, Ambusket, Irongo Centre, Wamkong?, Emitik, Kiptagich Town, Kiptagich T/Fact, Olkurto Centre, Olposmoru Canter, African Blooms, Bomasan, Part of Rosetto Flowers, Chemusian Farm, Gicheha Farm, Jogoo House, Ex Margaret Farm, Wheat Field Girls, Miti Moja, Sobea, Shantara Flowers, Red Shank, Kirobon High School & adjacent customers.

MT. KENYA REGION

NYERI COUNTY

AREA: CHINGA, KIRIA-INI, MATHIOYA, BRADE GATE HOTEL 
DATE: Monday 06.02.2017 TIME: 8.00 AM ? 4.00 P.M. 
Brade Gate Hotel, Gachika, Kagongo, Gathambari, Chinga Girls, Kiru T/Fact, Chinga T/Fact, Gatunguru T/Fact, Kamagoko, Kairo, Gathairo, Kiamuturi, Mathioya, Mioro, Kamotho, Gacharageini, Mucharage, Kiriti, Kiambuthia, Kihoya, Nyagatugu, Wanjerere, Kamangara, Gichichi, Gitundu, Chinga Boys, Maria-Goretti, Ruirie, Mahira, Gikurwe, Kiinu, Ruthiruini, Iganjo, Kiamutundu, Kariko, Kiandumba, Giathaimo, Ciaguamba, Matiriongo, Mugutha, Kianjai, Kahuaga, Kiganjo, Kahiagira, Muringaini, Kiambaa, Kamacharia Mkt, Kandabiri Project, Githua Poly, Geitwa Mkt, Ngamba Pri, Riakiberu, Kamune Mkt & Poly, Iruri Mkt, Kagumoini Mkt, Kora Mkt & C/Fact, Mananga Sec Sch, Kiria-Ini Mkt, Kiriaini Mission Hosp, Gatugi Mkt, Gatugi Sec Sch, Ichamama C/Fact, Witima H/Centre, Witima Mkt, Witima Sec Sch, Kagumo-Ini Mkt, Gaikundo C/Fact, Mbari Ya Ndiga, Githenyu, Omwasco Chinga Dam, Kagicha Mkt, DC?s Office Othaya, Nyamari, Thunguri Mkt, Kabebero, Njigari Mkt, Kagonye Sec, Kiru Sec Sch, Kaero Sec Sch, Muirungi Sec Sch, Kiambuthia Mkt, Ruru, Mioro Mkt, Mathioya Water, Riakimberu C/Fact & adjacent customers

KIRINYAGA COUNTY 

AREA: KANGAITA, KAGUMO, KUTUS, KARIA, KIANYAGA 
DATE: Monday 06.02.2017 TIME: 8.00 A.M. ? 4.00 P.M. 
Kerugoya Town, Kerugoya General Hosp, Kerugoya Boys & Girls Sec, Mt Kenya Hosp, Whole of Kagumo Mkt, Mutira Girls, Kamuiru Sec, Matere Kereri, Kiaragana, Ndima C/Fact, Mugaya C/Fact, Kiamutwira, Mutito Mkt, Gatwe, Kangaita T/Fact, Kaaraini Mkt, JS Mathenge, Kagumo H/Centre, Kagumo C/Fact, DO?s Office, Kerugoya Police Stn, Kapendoso, Whole of Kutus Old Town, Karia Sec, Ngaru Sec, Kirinyaga Univ, Karia Mkt, Kiamwenja C/Fact, Kianyaga Mkt, Kianyaga Sub-District Hosp, Karumande Mkt, Mutige Mkt, Kimunye T/Fact, Thumaita T/Fact, Kabare Girls, Karumande Boys, Mutige Sec, Kianyaga High & adjacent customers.

MERU COUNTY 

AREA: WHOLE OF MAUA, KINA, GARBA-TULLA 
DATE: Monday 06.02.2017 TIME: 8.00 A.M. ? 6.00 P.M. 
Mbaranga Mkt, Karama Mkt, Kangeta Mkt, Maili Tatu, KK, Laare, Mutuati, Kabachi, Antu-Betwe, Meru National Park, Njoune, Kiutine, Igembe Kiegoi T/Fact, Maua Town, Kiengu Bakeries, Maua Methodist Hospital, Athi, Amwamba & adjacent customers.

THARAKA NITHI COUNTY 

AREA: RUKURIRI, KYENI, RUNYENJES 
DATE: Monday 06.02.2017 TIME: 8.30 A.M. ? 4.00 P.M. 
Kyeni Hosp, Kyeni Girls, Rukuriri T/Fact, Merrigoretti Sec, Kanja Mkt, Mbui Njeru Mkt, Gaikama, Kamagambo Tea Buying Centre, Kubukubu Boarding Pri, Gatumbi Mkt, Kiangungi Sec, Mbuawaganagwa, Mufu Mkt, Ivurori C/Fact, Njeruri C/Fact, Gitare Mkt & Sec, Kiaragana Pri, Muga Njuki Booster, Kyeni Makutano, Kathageri Mkt, Thuci Lodge, Kathari Sec, Kegonge Sec, Kathunguri Mkt, Kaveti Pri, Kariru Pri, St. Agnes Sec, Kigumo Mkt, Mukuria Pri, Kiracha Mkt, Rev Ikingi Pri, Njuri Sec, Kibugua Mkt, DO?s Office Kibugua, Karamani Sec, Kigogo Sec, Kiamuriuki Sec, Iriari Mkt, Runyenjes Town, Runyenjes DO?s, Runyenjes KCC, Kagaari Farmers, Gichiche Mkt, Nthagaiya Girls, Nthagaiya Mkt, Macumo C/Fact, Gikuuri Mkt, Ugweri Mkt, Ugweri Sec Sch, Moi Mbiruri Sec Sch, Gichera Mkt, Kigaa Mkt & adjacent customers.",188101587899662_1362211853821957,2017-02-06T08:43:44+0000
"Kiambu ex Ruaraka(Ngemwa,Migaa,Nyara,Kabazi,Kiora,Kiambu town,Mirema drive,Thome est,Lumumba drive,starehe girls,Ndumberi,Riabai,Marurui)-controlled to repair a leaking switch.

Sustained fault on Delmonte ex Thika Industrial-(Delmonte,Gatina,Kihiumwiri,Makongeni kisii Est,umoja settlement,kakuzi)

Sustained fault on Mihango ex Komarock -(Parts of Kayole and komarock)
 . 
Broken jumper on Buruburu ex Kimathi- (Buruburu,Ofafa,Maringo,Jericho,Makadara,Mbotela and environs)

The technical teams serving the respective areas are currently working to restore power.Kindly bear with us^CB",188101587899662_1360639000645909,2017-02-04T17:07:49+0000
"Juja Town ex JKUAT (JKUAT area ,Juja town and environs)

Receiver ex Ruiru(Murera,Peponi school,Brookside,Mitikenda Ruiru)

Thika Ex Makuyu- (kandara,Kenol,Makutano,mitubiri,Gitura and environs)

Two rivers 66kv Ex Ruaraka(Two rivers &environs)
 
are off on sustained fault.

Technical teams in the respective area are working to restore power^CB",188101587899662_1360553557321120,2017-02-04T15:25:03+0000
"The following lines have sustained faults:

Buruburu Ex Kimathi(Buruburu,part of jogoo rd and environs)

Utawala Ex Ruai(Utawala,Kamulu,Ruai,Githunguri,Mihango)

Njiru Ex Ruai(Njiru,mihango,chokaa and environs)

Ongata Rongai Ex Matasia(Ongata Rongai area)

Kenya High Ex Kileleshwa(Kenya high,Mandera Rd,Gichugu Rd,Kandara Rd,Kileleshwa)

Airport Ex Nssf(Nyayo Est,Utawala,Donholm ph5 & 8,Harambee Sacco,Greenspan,NSSF est,Baraka Est,Embakasi)

Infill ex Komarock(infill area and environs)

Kindly bear with us as the technical teams in the respective areas work to restore power^CB",188101587899662_1360443697332106,2017-02-04T13:12:22+0000
"Good morning,
The following areas are under maintenance today.
NAIROBI SOUTH REGION
NAIROBI COUNTY
AREA: PART OF MLOLONGO
DATE: Saturday 04.02.2017 TIME: 9.00 A.M. ? 5.00 P.M.
Mlolongo Police Weigh Bridge, Connection Hotel, Allpack Industries, Directorate of Civil Aviation, Edaman Est, Cotton Manufacturers, Prof Ndetei, Part of Mombasa Rd, Part of Mlolongo Town",188101587899662_1360141467362329,2017-02-04T05:41:08+0000
Good morning. The following areas are on shutdown today.^MM http://bit.ly/2k81WGp,188101587899662_1359194347457041,2017-02-03T05:56:23+0000
"Areas on shutdown today are;^SO

SHUTDOWNS 02/02/2017
NAIROBI COUNTY
AREA: NGONG, KERARAPON DATE: Thursday 02.02.2017 TIME: 8.45 A.M. ? 4.30 P.M. 
Part of  Ngong Town, Olepolos Ngong, Juanco, Kenvic  Schools, Mary  Owouche Homestead, KIHPT  Institute Kibiko, Ngong  Veterinary, Kerarapon, Masai Boys School Ngong",188101587899662_1358222930887516,2017-02-02T08:50:51+0000
"Peace doesn't mean being in a place where there is no noise or trouble. It means to be in the midst of those things and still be calm"" .Good morning^SO",188101587899662_1358146957561780,2017-02-02T06:13:28+0000
"Good morning,find areas under scheduled maintenance^MW
NAIROBI NORTH REGION
NAIROBI COUNTY
AREA: NYARI ESTATE 
DATE: Wednesday 01.02.2017 TIME: 9.00 A.M. ? 5.00 P.M. 
Nyari Estate, Part of Ngecha Rd, Hospital Hill School, Egrets Drive, Redhill Drive, Ibis Crescent, Nyari Police, Rosslyn Heights & adjacent customers. 

NAIROBI WEST REGION
NAIROBI COUNTY

AREA: RONGAI, TUALA 
DATE: Wednesday 01.02.2017 TIME: 8.00 A.M. ? 5.00 P.M. 
Rongai Township, Part of Nkoroi, Maxwell  SDA University, Tuskys, Rongai, Uchumi  S/Mkt Rongai, Mayor  Rd, Masai Lodge, Nazarene  University, Acacia  Estate, Olekasasi, Tuala, Rangau, Emakoko & adjacent customers. 

AREA: KILIMANI 
DATE: Wednesday 01.02.2017 TIME: 9.00 A.M. ? 5.00 P.M. 
Mimosa, China Centre, Part of Ngong Rd, Kabarnet Rd, Uchumi Ngong Rd, St. Nicholas, Tigoni Rd, Chania Rd, Kindaruma Rd, Marcus Garvey, Part of Argwings Kodhek, Rose Avenue, Bishop Magua, Waridi Hotel & adjacent customers.

CENTRAL RIFT REGION
NAKURU COUNTY

AREA: SUBUKIA TOWN, WILFEY FLOWERS, SUBATI FLOWERS 
DATE: Wednesday 01.02.2017  TIME: 9.00 A.M. ? 3.00 P.M. 
Whole of Subukia Township, Subukia Shrine, Subati Flowers, Wilfey Flowers, Subukia Munanda, Mathari, Tetu & adjacent customers.

WESTERN REGION
VIHIGA COUNTY

AREA: HAMISI 
DATE: Wednesday 01.02.2017 TIME: 8.00 A.M. ? 4.00 P.M. 
Hamisi DC?s & DO?s Offices, Senende Sec Sch, Hon. Ligale, Sosa Cottages, Buyangu Mission, Musanzi Secondary, Kamiludi? Residence, Kidine Secondary, Gilwani H/Centre, Airtel Booster & adjacent customers.
BUSIA COUNTY

AREA: FUNYULA 
DATE: Wednesday 01.02.2017 TIME: 8.00 A.M. ? 4.00 P.M. 
Nangina Mission Hosp, Sisenye Water, Hon. Otuoma, Butuongi Water, Samia Girls, Kencom Booster Samia Hills & adjacent customers.

COAST REGION
KILIFI COUNTY

AREA: TEMPLE POINT 
DATE: Wednesday 01.02.2017  TIME: 8.00 A.M. - 5.00 P.M. 
Temple Point, Hemmingways, Medina Palms, Jiwe Jeupe, Dongo Kundu & adjacent customers.",188101587899662_1357055021004307,2017-02-01T06:24:58+0000
"Kindly find areas under scheduled maintenance : 

NAIROBI NORTH REGION
NAIROBI COUNTY
AREA: RIDGEWAYS, SAFARI PARK HOTEL 
DATE: Tuesday 31.01.2017 TIME: 9.00 A.M. ? 5.00 P.M. 
Part of Thika Rd, Garden City, Uchumi Thika Rd, Roasters Hotel, Gospel Assemblies, Methodist Church & adjacent customers. 

AREA: BREWERIES 1, NAIVAS KASARANI, KISE 
DATE: Tuesday 31.01.2017 TIME: 9.00 A.M. ? 5.00 P.M. 
ICIPE Mapping, Warren DO?s Office, Equity Kasarani, Family Bank Kasarani, Kasarani Police, Kasarani Rd & adjacent customers. 

AREA: GSU RUARAKA, DE LA RUE 
DATE: Tuesday 31.01.2017 TIME: 9.00 A.M. ? 5.00 P.M. 
KBL Headquarters, NYS Engineering, Mathare Area 4, KSMS, Shell Outering Rd, Naivas Outering Rd, Part of Outering Rd & adjacent customers.

NAIROBI WEST REGION
NAIROBI COUNTY
AREA: PART OF LAVINGTON 
DATE: Tuesday 31.01.2017 TIME: 9.00 A.M. ? 5.00 P.M. 
Part of Jacaranda Avenue, Gitanga Rd, Othaya Rd, Gitanga Close, Part of James Gichuru Rd, Mbaazi Avenue, Mbaazi Close, Masanduku Rd, Kingara Rd, Kingara Close, Hatheru Rd, Vanga Rd & adjacent customers. 

AREA: RHAPTA ROAD, PART OF WESTLANDS 
DATE: Tuesday 31.01.2017 TIME: 9.00 A.M. ? 5.00 P.M. 
Rhapta Rd, David Ondieki Rd, Church Rd, East Church Rd, Tune Hotel, Professor Saitoti Rd & adjacent customers.

 
AREA: KAHARA, KISAMIS, TINGA 
DATE: Tuesday 31.01.2017 TIME: 8.30 A.M. ? 5.00 P.M. 
Part of Oloika Rd, Kahara, Bondeni Ngong, Traffic Police College Ngong, Bishops House, Olesurutia, St. Patrick School Kiserian, Kunde Rd, Corner Raridi, Oloseos, Olorien, Kipeto, Kisamis, Ilingalooj, Olepolos, Tinga, Esonorua & adjacent customers.

WESTERN REGION
KISUMU COUNTY
AREA: NYAKACH 
DATE: Tuesday 31.01.2017 TIME: 9.00 A.M. ? 4.00 P.M. 
Sigoti Mkt & Schools, Bethlehem Hospital & adjacent customers.

MT. KENYA REGION
MURANG?A COUNTY

AREA: MURANG?A, MARAGUA 
DATE: Tuesday 31.01.2017 TIME: 8.00 A.M. ? 4.00 P.M. 
Maragua, Maragua Rural Hospital, Ngenda Girls, Kaharo, Gitaga, Equatorial, Maragua Ridge, Gakoigo, Ichagaki, Bishop Mahiani, Pioneer School & adjacent customers.

NORTH EASTERN REGION
KIAMBU COUNTY

AREA: MANG?U HIGH SCHOOL, BOB HARRIES ROAD 
DATE: Tuesday 31.01.2017  TIME: 9.00 A.M. ? 5.00 P.M. 
Maryhill Girls Sch, Egaards Est, Gatukuyu S/Centre, Mitero, St. Francis Mangu, Gikindu Girls, Karibaribi Mission Sisters, Machure Est, Muiri C/Fact, Kiaora Est, Cardon Est, Mangu S/Centre, Kirai, Witeithie, Mutuma, Gachororo, Ngoingwa, Part of Juja, Ndarugu Plantations, Kuraiha Est, Kiahuria Est & adjacent customers.

COAST REGION
KILIFI COUNTY
AREA: VIPINGO, KURUWITU 
DATE: Tuesday 31.01.2017 TIME: 8.00 A.M. - 5.00 P.M. 
Mnarani, Plantation, Mavueni, Chonyi, Majajani, Vipingo, Kuruwitu, Mombasa Cement, Shariani, Vipingo Trading Centre, Vipingo Makaburini, Kuruwitu Beach, Kwa Pope, Zwafaa, Vioshe, Vipingo Slaughter House, Ronald Ngala Co

.^JG",188101587899662_1355893437787132,2017-01-31T06:03:45+0000
Habari ya jioni.^SO,188101587899662_1352582564784886,2017-01-27T18:41:07+0000
"The following lines are off due to faults:

Kiambu Ex Ruaraka (Ngemwa,Migaa,Nyara,Kabazi,Kiora,Kiambu town,Mirema drive,Thome est,Lumumba drive,starehe girls,Ndumberi,Riabai,Marurui)

Waiyaki way ex Westlands  (Brookside Garden, School Lane,Shady Acres Ltd)

Pipeline Ex NSSF(Pipeline area and environs) 

Kindly bear with us as the technical teams in the respective areas work to restore power^CB",188101587899662_1352282741481535,2017-01-27T12:32:58+0000
"Today's shutdown are as follows;^SO

NAIROBI REGION

Time off  Date off  Feeder/s ex Source Works
0900hrs-1500hrs 26/01/2017 Highridge fdr ex Westlands S/S To introduce midspan poles.
0800hrs-1700hrs 26/01/2017 Airport fdr ex N/South S/S To replace rotten poles and burnt fuse mounts, tree cutting and Jumper rehabilitation.
0900hrs-1700hrs 26/01/2017 Ngong rd fdr ex Karen S/S To introduce midspan poles and Rerouting.
0900hrs-1700hrs 26/01/2017 1st Avenue fdr ex Kimathi S/S To replace rotten poles and Trace maintenance.
0900hrs-1700hrs 26/01/2017 Karen Hospital fdr ex Langata S/S To replace rotten poles and tree cutting.

AREA: 1ST AVENUE, EX KIMATHI
DATE: Thursday 26.01.2017 TIME: 9.00 A.M. ? 5.00 P.M.
Parts of Section 3, Nairobi Water",188101587899662_1350998154943327,2017-01-26T06:30:37+0000
Every single day is a new chance to show the world what you've got. Erase the negative thoughts. Good morning :) ^SO,188101587899662_1350972664945876,2017-01-26T05:56:26+0000
"Good morning, Shutdowns (Wednesday,25th January,2017) ^BT

NAIROBI NORTH REGION - NAIROBI COUNTY
AREA: KIHARA, KITISURU, KARURA KANYUNGU
DATE: Wednesday 25.01.2017 TIME: 9.00 A.M. ? 5.00 P.M.
Ngecha Rd, Kirawa Rd, ISK, Rosebowl Hotel, Wangige, School of   Nations, Part of Kihara, Kihara Health 
Centre, Gachie Karura Rd, Karura Kanyungu, Weaverbird, White Cottage, Forward Tate Close,Lakeview Est, Gathiga",188101587899662_1349768455066297,2017-01-25T07:49:59+0000
"Find areas under scheduled maintenance 24/01/2017. 

NAIROBI NORTH REGION
NAIROBI COUNTY

AREA: GARDEN ESTATE, KIGWA RD, BRAEBURN, PART OF THIKA RD 
DATE: Tuesday 24.01.2017 TIME: 9.00 A.M. ? 5.00 P.M. 
Garden Est, Kigwa Drive, Ridgeways Lane, Oak Place, Braeburn Sch, Part of Garden Court, Whole of Garden Est Rd., Mbuni Drive, Mountain Mall, Naivas Supermkt, Part of Thika Rd, Blue Springs Hotel, Part of Thome",188101587899662_1348531875189955,2017-01-24T07:13:17+0000
